1,abound
2,abounds
3,abundance
4,abundant
5,accessable
6,accessible
7,acclaim
8,acclaimed
9,acclamation
10,accolade
11,accolades
12,accommodative
13,accomodative
14,accomplish
15,accomplished
16,accomplishment
17,accomplishments
18,accurate
19,accurately
20,achievable
21,achievement
22,achievements
23,achievible
24,acumen
25,adaptable
26,adaptive
27,adequate
28,adjustable
29,admirable
30,admirably
31,admiration
32,admire
33,admirer
34,admiring
35,admiringly
36,adorable
37,adore
38,adored
39,adorer
40,adoring
41,adoringly
42,adroit
43,adroitly
44,adulate
45,adulation
46,adulatory
47,advanced
48,advantage
49,advantageous
50,advantageously
51,advantages
52,adventuresome
53,adventurous
54,advocate
55,advocated
56,advocates
57,affability
58,affable
59,affably
60,affectation
61,affection
62,affectionate
63,affinity
64,affirm
65,affirmation
66,affirmative
67,affluence
68,affluent
69,afford
70,affordable
71,affordably
72,afordable
73,agile
74,agilely
75,agility
76,agreeable
77,agreeableness
78,agreeably
79,all-around
80,alluring
81,alluringly
82,altruistic
83,altruistically
84,amaze
85,amazed
86,amazement
87,amazes
88,amazing
89,amazingly
90,ambitious
91,ambitiously
92,ameliorate
93,amenable
94,amenity
95,amiability
96,amiabily
97,amiable
98,amicability
99,amicable
100,amicably
101,amity
102,ample
103,amply
104,amuse
105,amusing
106,amusingly
107,angel
108,angelic
109,apotheosis
110,appeal
111,appealing
112,applaud
113,appreciable
114,appreciate
115,appreciated
116,appreciates
117,appreciative
118,appreciatively
119,appropriate
120,approval
121,approve
122,ardent
123,ardently
124,ardor
125,articulate
126,aspiration
127,aspirations
128,aspire
129,assurance
130,assurances
131,assure
132,assuredly
133,assuring
134,astonish
135,astonished
136,astonishing
137,astonishingly
138,astonishment
139,astound
140,astounded
141,astounding
142,astoundingly
143,astutely
144,attentive
145,attraction
146,attractive
147,attractively
148,attune
149,audible
150,audibly
151,auspicious
152,authentic
153,authoritative
154,autonomous
155,available
156,aver
157,avid
158,avidly
159,award
160,awarded
161,awards
162,awe
163,awed
164,awesome
165,awesomely
166,awesomeness
167,awestruck
168,awsome
169,backbone
170,balanced
171,bargain
172,beauteous
173,beautiful
174,beautifullly
175,beautifully
176,beautify
177,beauty
178,beckon
179,beckoned
180,beckoning
181,beckons
182,believable
183,believeable
184,beloved
185,benefactor
186,beneficent
187,beneficial
188,beneficially
189,beneficiary
190,benefit
191,benefits
192,benevolence
193,benevolent
194,benifits
195,best
196,best-known
197,best-performing
198,best-selling
199,better
200,better-known
201,better-than-expected
202,beutifully
203,blameless
204,bless
205,blessing
206,bliss
207,blissful
208,blissfully
209,blithe
210,blockbuster
211,bloom
212,blossom
213,bolster
214,bonny
215,bonus
216,bonuses
217,boom
218,booming
219,boost
220,boundless
221,bountiful
222,brainiest
223,brainy
224,brand-new
225,brave
226,bravery
227,bravo
228,breakthrough
229,breakthroughs
230,breathlessness
231,breathtaking
232,breathtakingly
233,breeze
234,bright
235,brighten
236,brighter
237,brightest
238,brilliance
239,brilliances
240,brilliant
241,brilliantly
242,brisk
243,brotherly
244,bullish
245,buoyant
246,cajole
247,calm
248,calming
249,calmness
250,capability
251,capable
252,capably
253,captivate
254,captivating
255,carefree
256,cashback
257,cashbacks
258,catchy
259,celebrate
260,celebrated
261,celebration
262,celebratory
263,champ
264,champion
265,charisma
266,charismatic
267,charitable
268,charm
269,charming
270,charmingly
271,chaste
272,cheaper
273,cheapest
274,cheer
275,cheerful
276,cheery
277,cherish
278,cherished
279,cherub
280,chic
281,chivalrous
282,chivalry
283,civility
284,civilize
285,clarity
286,classic
287,classy
288,clean
289,cleaner
290,cleanest
291,cleanliness
292,cleanly
293,clear
294,clear-cut
295,cleared
296,clearer
297,clearly
298,clears
299,clever
300,cleverly
301,cohere
302,coherence
303,coherent
304,cohesive
305,colorful
306,comely
307,comfort
308,comfortable
309,comfortably
310,comforting
311,comfy
312,commend
313,commendable
314,commendably
315,commitment
316,commodious
317,compact
318,compactly
319,compassion
320,compassionate
321,compatible
322,competitive
323,complement
324,complementary
325,complemented
326,complements
327,compliant
328,compliment
329,complimentary
330,comprehensive
331,conciliate
332,conciliatory
333,concise
334,confidence
335,confident
336,congenial
337,congratulate
338,congratulation
339,congratulations
340,congratulatory
341,conscientious
342,considerate
343,consistent
344,consistently
345,constructive
346,consummate
347,contentment
348,continuity
349,contrasty
350,contribution
351,convenience
352,convenient
353,conveniently
354,convience
355,convienient
356,convient
357,convincing
358,convincingly
359,cool
360,coolest
361,cooperative
362,cooperatively
363,cornerstone
364,correct
365,correctly
366,cost-effective
367,cost-saving
368,counter-attack
369,counter-attacks
370,courage
371,courageous
372,courageously
373,courageousness
374,courteous
375,courtly
376,covenant
377,cozy
378,creative
379,credence
380,credible
381,crisp
382,crisper
383,cure
384,cure-all
385,cushy
386,cute
387,cuteness
388,danke
389,danken
390,daring
391,daringly
392,darling
393,dashing
394,dauntless
395,dawn
396,dazzle
397,dazzled
398,dazzling
399,dead-cheap
400,dead-on
401,decency
402,decent
403,decisive
404,decisiveness
405,dedicated
406,defeat
407,defeated
408,defeating
409,defeats
410,defender
411,deference
412,deft
413,deginified
414,delectable
415,delicacy
416,delicate
417,delicious
418,delight
419,delighted
420,delightful
421,delightfully
422,delightfulness
423,dependable
424,dependably
425,deservedly
426,deserving
427,desirable
428,desiring
429,desirous
430,destiny
431,detachable
432,devout
433,dexterous
434,dexterously
435,dextrous
436,dignified
437,dignify
438,dignity
439,diligence
440,diligent
441,diligently
442,diplomatic
443,dirt-cheap
444,distinction
445,distinctive
446,distinguished
447,diversified
448,divine
449,divinely
450,dominate
451,dominated
452,dominates
453,dote
454,dotingly
455,doubtless
456,dreamland
457,dumbfounded
458,dumbfounding
459,dummy-proof
460,durable
461,dynamic
462,eager
463,eagerly
464,eagerness
465,earnest
466,earnestly
467,earnestness
468,ease
469,eased
470,eases
471,easier
472,easiest
473,easiness
474,easing
475,easy
476,easy-to-use
477,easygoing
478,ebullience
479,ebullient
480,ebulliently
481,ecenomical
482,economical
483,ecstasies
484,ecstasy
485,ecstatic
486,ecstatically
487,edify
488,educated
489,effective
490,effectively
491,effectiveness
492,effectual
493,efficacious
494,efficient
495,efficiently
496,effortless
497,effortlessly
498,effusion
499,effusive
500,effusively
501,effusiveness
502,elan
503,elate
504,elated
505,elatedly
506,elation
507,electrify
508,elegance
509,elegant
510,elegantly
511,elevate
512,elite
513,eloquence
514,eloquent
515,eloquently
516,embolden
517,eminence
518,eminent
519,empathize
520,empathy
521,empower
522,empowerment
523,enchant
524,enchanted
525,enchanting
526,enchantingly
527,encourage
528,encouragement
529,encouraging
530,encouragingly
531,endear
532,endearing
533,endorse
534,endorsed
535,endorsement
536,endorses
537,endorsing
538,energetic
539,energize
540,energy-efficient
541,energy-saving
542,engaging
543,engrossing
544,enhance
545,enhanced
546,enhancement
547,enhances
548,enjoy
549,enjoyable
550,enjoyably
551,enjoyed
552,enjoying
553,enjoyment
554,enjoys
555,enlighten
556,enlightenment
557,enliven
558,ennoble
559,enough
560,enrapt
561,enrapture
562,enraptured
563,enrich
564,enrichment
565,enterprising
566,entertain
567,entertaining
568,entertains
569,enthral
570,enthrall
571,enthralled
572,enthuse
573,enthusiasm
574,enthusiast
575,enthusiastic
576,enthusiastically
577,entice
578,enticed
579,enticing
580,enticingly
581,entranced
582,entrancing
583,entrust
584,enviable
585,enviably
586,envious
587,enviously
588,enviousness
589,envy
590,equitable
591,ergonomical
592,err-free
593,erudite
594,ethical
595,eulogize
596,euphoria
597,euphoric
598,euphorically
599,evaluative
600,evenly
601,eventful
602,everlasting
603,evocative
604,exalt
605,exaltation
606,exalted
607,exaltedly
608,exalting
609,exaltingly
610,examplar
611,examplary
612,excallent
613,exceed
614,exceeded
615,exceeding
616,exceedingly
617,exceeds
618,excel
619,exceled
620,excelent
621,excellant
622,excelled
623,excellence
624,excellency
625,excellent
626,excellently
627,excels
628,exceptional
629,exceptionally
630,excite
631,excited
632,excitedly
633,excitedness
634,excitement
635,excites
636,exciting
637,excitingly
638,exellent
639,exemplar
640,exemplary
641,exhilarate
642,exhilarating
643,exhilaratingly
644,exhilaration
645,exonerate
646,expansive
647,expeditiously
648,expertly
649,exquisite
650,exquisitely
651,extol
652,extoll
653,extraordinarily
654,extraordinary
655,exuberance
656,exuberant
657,exuberantly
658,exult
659,exultant
660,exultation
661,exultingly
662,eye-catch
663,eye-catching
664,eyecatch
665,eyecatching
666,fabulous
667,fabulously
668,facilitate
669,fair
670,fairly
671,fairness
672,faith
673,faithful
674,faithfully
675,faithfulness
676,fame
677,famed
678,famous
679,famously
680,fancier
681,fancinating
682,fancy
683,fanfare
684,fans
685,fantastic
686,fantastically
687,fascinate
688,fascinating
689,fascinatingly
690,fascination
691,fashionable
692,fashionably
693,fast
694,fast-growing
695,fast-paced
696,faster
697,fastest
698,fastest-growing
699,faultless
700,fav
701,fave
702,favor
703,favorable
704,favored
705,favorite
706,favorited
707,favour
708,fearless
709,fearlessly
710,feasible
711,feasibly
712,feat
713,feature-rich
714,fecilitous
715,feisty
716,felicitate
717,felicitous
718,felicity
719,fertile
720,fervent
721,fervently
722,fervid
723,fervidly
724,fervor
725,festive
726,fidelity
727,fiery
728,fine
729,fine-looking
730,finely
731,finer
732,finest
733,firmer
734,first-class
735,first-in-class
736,first-rate
737,flashy
738,flatter
739,flattering
740,flatteringly
741,flawless
742,flawlessly
743,flexibility
744,flexible
745,flourish
746,flourishing
747,fluent
748,flutter
749,fond
750,fondly
751,fondness
752,foolproof
753,foremost
754,foresight
755,formidable
756,fortitude
757,fortuitous
758,fortuitously
759,fortunate
760,fortunately
761,fortune
762,fragrant
763,free
764,freed
765,freedom
766,freedoms
767,fresh
768,fresher
769,freshest
770,friendliness
771,friendly
772,frolic
773,frugal
774,fruitful
775,ftw
776,fulfillment
777,fun
778,futurestic
779,futuristic
780,gaiety
781,gaily
782,gain
783,gained
784,gainful
785,gainfully
786,gaining
787,gains
788,gallant
789,gallantly
790,galore
791,geekier
792,geeky
793,gem
794,gems
795,generosity
796,generous
797,generously
798,genial
799,genius
800,gentle
801,gentlest
802,genuine
803,gifted
804,glad
805,gladden
806,gladly
807,gladness
808,glamorous
809,glee
810,gleeful
811,gleefully
812,glimmer
813,glimmering
814,glisten
815,glistening
816,glitter
817,glitz
818,glorify
819,glorious
820,gloriously
821,glory
822,glow
823,glowing
824,glowingly
825,god-given
826,god-send
827,godlike
828,godsend
829,gold
830,golden
831,good
832,goodly
833,goodness
834,goodwill
835,goood
836,gooood
837,gorgeous
838,gorgeously
839,grace
840,graceful
841,gracefully
842,gracious
843,graciously
844,graciousness
845,grand
846,grandeur
847,grateful
848,gratefully
849,gratification
850,gratified
851,gratifies
852,gratify
853,gratifying
854,gratifyingly
855,gratitude
856,great
857,greatest
858,greatness
859,grin
860,groundbreaking
861,guarantee
862,guidance
863,guiltless
864,gumption
865,gush
866,gusto
867,gutsy
868,hail
869,halcyon
870,hale
871,hallmark
872,hallmarks
873,hallowed
874,handier
875,handily
876,hands-down
877,handsome
878,handsomely
879,handy
880,happier
881,happily
882,happiness
883,happy
884,hard-working
885,hardier
886,hardy
887,harmless
888,harmonious
889,harmoniously
890,harmonize
891,harmony
892,headway
893,heal
894,healthful
895,healthy
896,hearten
897,heartening
898,heartfelt
899,heartily
900,heartwarming
901,heaven
902,heavenly
903,helped
904,helpful
905,helping
906,hero
907,heroic
908,heroically
909,heroine
910,heroize
911,heros
912,high-quality
913,high-spirited
914,hilarious
915,holy
916,homage
917,honest
918,honesty
919,honor
920,honorable
921,honored
922,honoring
923,hooray
924,hopeful
925,hospitable
926,hot
927,hotcake
928,hotcakes
929,hottest
930,hug
931,humane
932,humble
933,humility
934,humor
935,humorous
936,humorously
937,humour
938,humourous
939,ideal
940,idealize
941,ideally
942,idol
943,idolize
944,idolized
945,idyllic
946,illuminate
947,illuminati
948,illuminating
949,illumine
950,illustrious
951,ilu
952,imaculate
953,imaginative
954,immaculate
955,immaculately
956,immense
957,impartial
958,impartiality
959,impartially
960,impassioned
961,impeccable
962,impeccably
963,important
964,impress
965,impressed
966,impresses
967,impressive
968,impressively
969,impressiveness
970,improve
971,improved
972,improvement
973,improvements
974,improves
975,improving
976,incredible
977,incredibly
978,indebted
979,individualized
980,indulgence
981,indulgent
982,industrious
983,inestimable
984,inestimably
985,inexpensive
986,infallibility
987,infallible
988,infallibly
989,influential
990,ingenious
991,ingeniously
992,ingenuity
993,ingenuous
994,ingenuously
995,innocuous
996,innovation
997,innovative
998,inpressed
999,insightful
1000,insightfully
1001,inspiration
1002,inspirational
1003,inspire
1004,inspiring
1005,instantly
1006,instructive
1007,instrumental
1008,integral
1009,integrated
1010,intelligence
1011,intelligent
1012,intelligible
1013,interesting
1014,interests
1015,intimacy
1016,intimate
1017,intricate
1018,intrigue
1019,intriguing
1020,intriguingly
1021,intuitive
1022,invaluable
1023,invaluablely
1024,inventive
1025,invigorate
1026,invigorating
1027,invincibility
1028,invincible
1029,inviolable
1030,inviolate
1031,invulnerable
1032,irreplaceable
1033,irreproachable
1034,irresistible
1035,irresistibly
1036,issue-free
1037,jaw-droping
1038,jaw-dropping
1039,jollify
1040,jolly
1041,jovial
1042,joy
1043,joyful
1044,joyfully
1045,joyous
1046,joyously
1047,jubilant
1048,jubilantly
1049,jubilate
1050,jubilation
1051,jubiliant
1052,judicious
1053,justly
1054,keen
1055,keenly
1056,keenness
1057,kid-friendly
1058,kindliness
1059,kindly
1060,kindness
1061,knowledgeable
1062,kudos
1063,large-capacity
1064,laud
1065,laudable
1066,laudably
1067,lavish
1068,lavishly
1069,law-abiding
1070,lawful
1071,lawfully
1072,lead
1073,leading
1074,leads
1075,lean
1076,led
1077,legendary
1078,leverage
1079,levity
1080,liberate
1081,liberation
1082,liberty
1083,lifesaver
1084,light-hearted
1085,lighter
1086,likable
1087,like
1088,liked
1089,likes
1090,liking
1091,lionhearted
1092,lively
1093,logical
1094,long-lasting
1095,lovable
1096,lovably
1097,love
1098,loved
1099,loveliness
1100,lovely
1101,lover
1102,loves
1103,loving
1104,low-cost
1105,low-price
1106,low-priced
1107,low-risk
1108,lower-priced
1109,loyal
1110,loyalty
1111,lucid
1112,lucidly
1113,luck
1114,luckier
1115,luckiest
1116,luckiness
1117,lucky
1118,lucrative
1119,luminous
1120,lush
1121,luster
1122,lustrous
1123,luxuriant
1124,luxuriate
1125,luxurious
1126,luxuriously
1127,luxury
1128,lyrical
1129,magic
1130,magical
1131,magnanimous
1132,magnanimously
1133,magnificence
1134,magnificent
1135,magnificently
1136,majestic
1137,majesty
1138,manageable
1139,maneuverable
1140,marvel
1141,marveled
1142,marvelled
1143,marvellous
1144,marvelous
1145,marvelously
1146,marvelousness
1147,marvels
1148,master
1149,masterful
1150,masterfully
1151,masterpiece
1152,masterpieces
1153,masters
1154,mastery
1155,matchless
1156,mature
1157,maturely
1158,maturity
1159,meaningful
1160,memorable
1161,merciful
1162,mercifully
1163,mercy
1164,merit
1165,meritorious
1166,merrily
1167,merriment
1168,merriness
1169,merry
1170,mesmerize
1171,mesmerized
1172,mesmerizes
1173,mesmerizing
1174,mesmerizingly
1175,meticulous
1176,meticulously
1177,mightily
1178,mighty
1179,mind-blowing
1180,miracle
1181,miracles
1182,miraculous
1183,miraculously
1184,miraculousness
1185,modern
1186,modest
1187,modesty
1188,momentous
1189,monumental
1190,monumentally
1191,morality
1192,motivated
1193,multi-purpose
1194,navigable
1195,neat
1196,neatest
1197,neatly
1198,nice
1199,nicely
1200,nicer
1201,nicest
1202,nifty
1203,nimble
1204,noble
1205,nobly
1206,noiseless
1207,non-violence
1208,non-violent
1209,notably
1210,noteworthy
1211,nourish
1212,nourishing
1213,nourishment
1214,novelty
1215,nurturing
1216,oasis
1217,obsession
1218,obsessions
1219,obtainable
1220,openly
1221,openness
1222,optimal
1223,optimism
1224,optimistic
1225,opulent
1226,orderly
1227,originality
1228,outdo
1229,outdone
1230,outperform
1231,outperformed
1232,outperforming
1233,outperforms
1234,outshine
1235,outshone
1236,outsmart
1237,outstanding
1238,outstandingly
1239,outstrip
1240,outwit
1241,ovation
1242,overjoyed
1243,overtake
1244,overtaken
1245,overtakes
1246,overtaking
1247,overtook
1248,overture
1249,pain-free
1250,painless
1251,painlessly
1252,palatial
1253,pamper
1254,pampered
1255,pamperedly
1256,pamperedness
1257,pampers
1258,panoramic
1259,paradise
1260,paramount
1261,pardon
1262,passion
1263,passionate
1264,passionately
1265,patience
1266,patient
1267,patiently
1268,patriot
1269,patriotic
1270,peace
1271,peaceable
1272,peaceful
1273,peacefully
1274,peacekeepers
1275,peach
1276,peerless
1277,pep
1278,pepped
1279,pepping
1280,peppy
1281,peps
1282,perfect
1283,perfection
1284,perfectly
1285,permissible
1286,perseverance
1287,persevere
1288,personages
1289,personalized
1290,phenomenal
1291,phenomenally
1292,picturesque
1293,piety
1294,pinnacle
1295,playful
1296,playfully
1297,pleasant
1298,pleasantly
1299,pleased
1300,pleases
1301,pleasing
1302,pleasingly
1303,pleasurable
1304,pleasurably
1305,pleasure
1306,plentiful
1307,pluses
1308,plush
1309,plusses
1310,poetic
1311,poeticize
1312,poignant
1313,poise
1314,poised
1315,polished
1316,polite
1317,politeness
1318,popular
1319,portable
1320,posh
1321,positive
1322,positively
1323,positives
1324,powerful
1325,powerfully
1326,praise
1327,praiseworthy
1328,praising
1329,pre-eminent
1330,precious
1331,precise
1332,precisely
1333,preeminent
1334,prefer
1335,preferable
1336,preferably
1337,prefered
1338,preferes
1339,preferring
1340,prefers
1341,premier
1342,prestige
1343,prestigious
1344,prettily
1345,pretty
1346,priceless
1347,pride
1348,principled
1349,privilege
1350,privileged
1351,prize
1352,proactive
1353,problem-free
1354,problem-solver
1355,prodigious
1356,prodigiously
1357,prodigy
1358,productive
1359,productively
1360,proficient
1361,proficiently
1362,profound
1363,profoundly
1364,profuse
1365,profusion
1366,progress
1367,progressive
1368,prolific
1369,prominence
1370,prominent
1371,promise
1372,promised
1373,promises
1374,promising
1375,promoter
1376,prompt
1377,promptly
1378,proper
1379,properly
1380,propitious
1381,propitiously
1382,pros
1383,prosper
1384,prosperity
1385,prosperous
1386,prospros
1387,protect
1388,protection
1389,protective
1390,proud
1391,proven
1392,proves
1393,providence
1394,proving
1395,prowess
1396,prudence
1397,prudent
1398,prudently
1399,punctual
1400,pure
1401,purify
1402,purposeful
1403,quaint
1404,qualified
1405,qualify
1406,quicker
1407,quiet
1408,quieter
1409,radiance
1410,radiant
1411,rapid
1412,rapport
1413,rapt
1414,rapture
1415,raptureous
1416,raptureously
1417,rapturous
1418,rapturously
1419,rational
1420,razor-sharp
1421,reachable
1422,readable
1423,readily
1424,ready
1425,reaffirm
1426,reaffirmation
1427,realistic
1428,realizable
1429,reasonable
1430,reasonably
1431,reasoned
1432,reassurance
1433,reassure
1434,receptive
1435,reclaim
1436,recomend
1437,recommend
1438,recommendation
1439,recommendations
1440,recommended
1441,reconcile
1442,reconciliation
1443,record-setting
1444,recover
1445,recovery
1446,rectification
1447,rectify
1448,rectifying
1449,redeem
1450,redeeming
1451,redemption
1452,refine
1453,refined
1454,refinement
1455,reform
1456,reformed
1457,reforming
1458,reforms
1459,refresh
1460,refreshed
1461,refreshing
1462,refund
1463,refunded
1464,regal
1465,regally
1466,regard
1467,rejoice
1468,rejoicing
1469,rejoicingly
1470,rejuvenate
1471,rejuvenated
1472,rejuvenating
1473,relaxed
1474,relent
1475,reliable
1476,reliably
1477,relief
1478,relish
1479,remarkable
1480,remarkably
1481,remedy
1482,remission
1483,remunerate
1484,renaissance
1485,renewed
1486,renown
1487,renowned
1488,replaceable
1489,reputable
1490,reputation
1491,resilient
1492,resolute
1493,resound
1494,resounding
1495,resourceful
1496,resourcefulness
1497,respect
1498,respectable
1499,respectful
1500,respectfully
1501,respite
1502,resplendent
1503,responsibly
1504,responsive
1505,restful
1506,restored
1507,restructure
1508,restructured
1509,restructuring
1510,retractable
1511,revel
1512,revelation
1513,revere
1514,reverence
1515,reverent
1516,reverently
1517,revitalize
1518,revival
1519,revive
1520,revives
1521,revolutionary
1522,revolutionize
1523,revolutionized
1524,revolutionizes
1525,reward
1526,rewarding
1527,rewardingly
1528,rich
1529,richer
1530,richly
1531,richness
1532,right
1533,righten
1534,righteous
1535,righteously
1536,righteousness
1537,rightful
1538,rightfully
1539,rightly
1540,rightness
1541,risk-free
1542,robust
1543,rock-star
1544,rock-stars
1545,rockstar
1546,rockstars
1547,romantic
1548,romantically
1549,romanticize
1550,roomier
1551,roomy
1552,rosy
1553,safe
1554,safely
1555,sagacity
1556,sagely
1557,saint
1558,saintliness
1559,saintly
1560,salutary
1561,salute
1562,sane
1563,satisfactorily
1564,satisfactory
1565,satisfied
1566,satisfies
1567,satisfy
1568,satisfying
1569,satisified
1570,saver
1571,savings
1572,savior
1573,savvy
1574,scenic
1575,seamless
1576,seasoned
1577,secure
1578,securely
1579,selective
1580,self-determination
1581,self-respect
1582,self-satisfaction
1583,self-sufficiency
1584,self-sufficient
1585,sensation
1586,sensational
1587,sensationally
1588,sensations
1589,sensible
1590,sensibly
1591,sensitive
1592,serene
1593,serenity
1594,sexy
1595,sharp
1596,sharper
1597,sharpest
1598,shimmering
1599,shimmeringly
1600,shine
1601,shiny
1602,significant
1603,silent
1604,simpler
1605,simplest
1606,simplified
1607,simplifies
1608,simplify
1609,simplifying
1610,sincere
1611,sincerely
1612,sincerity
1613,skill
1614,skilled
1615,skillful
1616,skillfully
1617,slammin
1618,sleek
1619,slick
1620,smart
1621,smarter
1622,smartest
1623,smartly
1624,smile
1625,smiles
1626,smiling
1627,smilingly
1628,smitten
1629,smooth
1630,smoother
1631,smoothes
1632,smoothest
1633,smoothly
1634,snappy
1635,snazzy
1636,sociable
1637,soft
1638,softer
1639,solace
1640,solicitous
1641,solicitously
1642,solid
1643,solidarity
1644,soothe
1645,soothingly
1646,sophisticated
1647,soulful
1648,soundly
1649,soundness
1650,spacious
1651,sparkle
1652,sparkling
1653,spectacular
1654,spectacularly
1655,speedily
1656,speedy
1657,spellbind
1658,spellbinding
1659,spellbindingly
1660,spellbound
1661,spirited
1662,spiritual
1663,splendid
1664,splendidly
1665,splendor
1666,spontaneous
1667,sporty
1668,spotless
1669,sprightly
1670,stability
1671,stabilize
1672,stable
1673,stainless
1674,standout
1675,state-of-the-art
1676,stately
1677,statuesque
1678,staunch
1679,staunchly
1680,staunchness
1681,steadfast
1682,steadfastly
1683,steadfastness
1684,steadiest
1685,steadiness
1686,steady
1687,stellar
1688,stellarly
1689,stimulate
1690,stimulates
1691,stimulating
1692,stimulative
1693,stirringly
1694,straighten
1695,straightforward
1696,streamlined
1697,striking
1698,strikingly
1699,striving
1700,strong
1701,stronger
1702,strongest
1703,stunned
1704,stunning
1705,stunningly
1706,stupendous
1707,stupendously
1708,sturdier
1709,sturdy
1710,stylish
1711,stylishly
1712,stylized
1713,suave
1714,suavely
1715,sublime
1716,subsidize
1717,subsidized
1718,subsidizes
1719,subsidizing
1720,substantive
1721,succeed
1722,succeeded
1723,succeeding
1724,succeeds
1725,succes
1726,success
1727,successes
1728,successful
1729,successfully
1730,suffice
1731,sufficed
1732,suffices
1733,sufficient
1734,sufficiently
1735,suitable
1736,sumptuous
1737,sumptuously
1738,sumptuousness
1739,super
1740,superb
1741,superbly
1742,superior
1743,superiority
1744,supple
1745,support
1746,supported
1747,supporter
1748,supporting
1749,supportive
1750,supports
1751,supremacy
1752,supreme
1753,supremely
1754,supurb
1755,supurbly
1756,surmount
1757,surpass
1758,surreal
1759,survival
1760,survivor
1761,sustainability
1762,sustainable
1763,swank
1764,swankier
1765,swankiest
1766,swanky
1767,sweeping
1768,sweet
1769,sweeten
1770,sweetheart
1771,sweetly
1772,sweetness
1773,swift
1774,swiftness
1775,talent
1776,talented
1777,talents
1778,tantalize
1779,tantalizing
1780,tantalizingly
1781,tempt
1782,tempting
1783,temptingly
1784,tenacious
1785,tenaciously
1786,tenacity
1787,tender
1788,tenderly
1789,terrific
1790,terrifically
1791,thank
1792,thankful
1793,thinner
1794,thoughtful
1795,thoughtfully
1796,thoughtfulness
1797,thrift
1798,thrifty
1799,thrill
1800,thrilled
1801,thrilling
1802,thrillingly
1803,thrills
1804,thrive
1805,thriving
1806,thumb-up
1807,thumbs-up
1808,tickle
1809,tidy
1810,time-honored
1811,timely
1812,tingle
1813,titillate
1814,titillating
1815,titillatingly
1816,togetherness
1817,tolerable
1818,toll-free
1819,top
1820,top-notch
1821,top-quality
1822,topnotch
1823,tops
1824,tough
1825,tougher
1826,toughest
1827,traction
1828,tranquil
1829,tranquility
1830,transparent
1831,treasure
1832,tremendously
1833,trendy
1834,triumph
1835,triumphal
1836,triumphant
1837,triumphantly
1838,trivially
1839,trophy
1840,trouble-free
1841,trump
1842,trumpet
1843,trust
1844,trusted
1845,trusting
1846,trustingly
1847,trustworthiness
1848,trustworthy
1849,trusty
1850,truthful
1851,truthfully
1852,truthfulness
1853,twinkly
1854,ultra-crisp
1855,unabashed
1856,unabashedly
1857,unaffected
1858,unassailable
1859,unbeatable
1860,unbiased
1861,unbound
1862,uncomplicated
1863,unconditional
1864,undamaged
1865,undaunted
1866,understandable
1867,undisputable
1868,undisputably
1869,undisputed
1870,unencumbered
1871,unequivocal
1872,unequivocally
1873,unfazed
1874,unfettered
1875,unforgettable
1876,unity
1877,unlimited
1878,unmatched
1879,unparalleled
1880,unquestionable
1881,unquestionably
1882,unreal
1883,unrestricted
1884,unrivaled
1885,unselfish
1886,unwavering
1887,upbeat
1888,upgradable
1889,upgradeable
1890,upgraded
1891,upheld
1892,uphold
1893,uplift
1894,uplifting
1895,upliftingly
1896,upliftment
1897,upscale
1898,usable
1899,useable
1900,useful
1901,user-friendly
1902,user-replaceable
1903,valiant
1904,valiantly
1905,valor
1906,valuable
1907,variety
1908,venerate
1909,verifiable
1910,veritable
1911,versatile
1912,versatility
1913,vibrant
1914,vibrantly
1915,victorious
1916,victory
1917,viewable
1918,vigilance
1919,vigilant
1920,virtue
1921,virtuous
1922,virtuously
1923,visionary
1924,vivacious
1925,vivid
1926,vouch
1927,vouchsafe
1928,warm
1929,warmer
1930,warmhearted
1931,warmly
1932,warmth
1933,wealthy
1934,welcome
1935,well
1936,well-backlit
1937,well-balanced
1938,well-behaved
1939,well-being
1940,well-bred
1941,well-connected
1942,well-educated
1943,well-established
1944,well-informed
1945,well-intentioned
1946,well-known
1947,well-made
1948,well-managed
1949,well-mannered
1950,well-positioned
1951,well-received
1952,well-regarded
1953,well-rounded
1954,well-run
1955,well-wishers
1956,wellbeing
1957,whoa
1958,wholeheartedly
1959,wholesome
1960,whooa
1961,whoooa
1962,wieldy
1963,willing
1964,willingly
1965,willingness
1966,win
1967,windfall
1968,winnable
1969,winner
1970,winners
1971,winning
1972,wins
1973,wisdom
1974,wise
1975,wisely
1976,witty
1977,won
1978,wonder
1979,wonderful
1980,wonderfully
1981,wonderous
1982,wonderously
1983,wonders
1984,wondrous
1985,woo
1986,work
1987,workable
1988,worked
1989,works
1990,world-famous
1991,worth
1992,worth-while
1993,worthiness
1994,worthwhile
1995,worthy
1996,wow
1997,wowed
1998,wowing
1999,wows
2000,yay
2001,youthful
2002,zeal
2003,zenith
2004,zest
2005,zippy
